# Units left untranslated on purpose (tools/qudtr/held.py): catalog, unit key, keep|code, reason.
# keep — stays English: an identifier the code compares, or a decision. code — waits for a patch of the game's code.
# `py tools/qud.py stats --held` lists them with their contexts.
Creatures.po	9c611700323ad082022b	keep	дієслово з даних: лишається ключем, форми дає таблиця Verbs (DidX, =verb|uk.v#X=)
Creatures.po	34bf54ef24962e9b4c19	keep	дієслово з даних: лишається ключем, форми дає таблиця Verbs (DidX, =verb|uk.v#X=)
Creatures.po	c640af2dc1daa28805ac	keep	дієслово з даних: лишається ключем, форми дає таблиця Verbs (DidX, =verb|uk.v#X=)
Creatures.po	7526bd1d6c2283821834	keep	дієслово з даних: лишається ключем, форми дає таблиця Verbs (DidX, =verb|uk.v#X=)
Creatures.po	04f08635af77bd274f03	keep	дієслово з даних: лишається ключем, форми дає таблиця Verbs (DidX, =verb|uk.v#X=)
Creatures.po	8b760b28ab86c43116cf	keep	дієслово з даних: лишається ключем, форми дає таблиця Verbs (DidX, =verb|uk.v#X=)
Creatures.po	28f06f938a37452e5b05	keep	дієслово з даних: лишається ключем, форми дає таблиця Verbs (DidX, =verb|uk.v#X=)
Creatures.po	debf3c226761d10af50f	keep	дієслово з даних: лишається ключем, форми дає таблиця Verbs (DidX, =verb|uk.v#X=)
Creatures.po	90d8a9729bde6a2bca72	keep	дієслово з даних: лишається ключем, форми дає таблиця Verbs (DidX, =verb|uk.v#X=)
Creatures.po	57d299604828fd2f5a61	keep	дієслово з даних: лишається ключем, форми дає таблиця Verbs (DidX, =verb|uk.v#X=)
Creatures.po	d2cf553018f424ae7191	keep	дієслово з даних: лишається ключем, форми дає таблиця Verbs (DidX, =verb|uk.v#X=)
Creatures.po	172c7d2978bb0c6439b4	keep	дієслово з даних: лишається ключем, форми дає таблиця Verbs (DidX, =verb|uk.v#X=)
Creatures.po	08d35357029c474c5f7b	keep	дієслово з даних: лишається ключем, форми дає таблиця Verbs (DidX, =verb|uk.v#X=)
Creatures.po	6a5d2009414ba232792c	keep	дієслово з даних: лишається ключем, форми дає таблиця Verbs (DidX, =verb|uk.v#X=)
Creatures.po	d494f42d7809d5cd13b2	keep	дієслово з даних: лишається ключем, форми дає таблиця Verbs (DidX, =verb|uk.v#X=)
Creatures.po	3cd9cb3c97996db61f0f	keep	дієслово з даних: лишається ключем, форми дає таблиця Verbs (DidX, =verb|uk.v#X=)
Creatures.po	9f75d964cbbfb652412d	keep	цитата Езри Паунда лишається англійською (рішення Mike)
Furniture.po	ecc5d5a3583f1ebc366b	keep	код порівнює прийменник з англійським «in»; у перекладених шаблонах не показується
Furniture.po	10975bbdfde5bfc3f50b	keep	код порівнює прийменник з англійським «in»; у перекладених шаблонах не показується
Furniture.po	bce77320f7dce273f566	keep	код порівнює прийменник з англійським «in»; у перекладених шаблонах не показується
Furniture.po	161cf4f7c9cdd2940940	keep	код порівнює прийменник з англійським «in»; у перекладених шаблонах не показується
Furniture.po	0bf33751b359832cfb1b	keep	код порівнює прийменник з англійським «in»; у перекладених шаблонах не показується
Furniture.po	86eb727cc1863e7a8ec5	keep	код порівнює прийменник з англійським «in»; у перекладених шаблонах не показується
Furniture.po	bdf0fc1218c15541aed6	keep	код порівнює прийменник з англійським «in»; у перекладених шаблонах не показується
Furniture.po	6b4da591b165880c91b3	keep	код порівнює прийменник з англійським «in»; у перекладених шаблонах не показується
Furniture.po	eaeb2e449cf7bf4eda95	keep	код порівнює прийменник з англійським «in»; у перекладених шаблонах не показується
Furniture.po	a98d430ab21ee7adf06d	keep	код порівнює прийменник з англійським «in»; у перекладених шаблонах не показується
Furniture.po	5db861d96a47a0eb541b	code	прийменник для англійської склейки IZoneLandmark.Append
HiddenObjects.po	895ee452c29eda206855	keep	дієслово з даних: лишається ключем, форми дає таблиця Verbs (DidX, =verb|uk.v#X=)
HiddenObjects.po	4eba1f466ac855bf359a	keep	клавіша дії — перша літера напису; клавіші лишаються латинськими (D12)
HiddenObjects.po	78f1d61da9baff978bb8	keep	клавіша дії — перша літера напису; клавіші лишаються латинськими (D12)
Items.po	96b866e0b8337c96ee1d	keep	дієслово з даних: лишається ключем, форми дає таблиця Verbs (DidX, =verb|uk.v#X=)
Items.po	a1c7c4f2c0ea262a3feb	keep	дієслово з даних: лишається ключем, форми дає таблиця Verbs (DidX, =verb|uk.v#X=)
Items.po	688932c6be2b268305ed	keep	дієслово з даних: лишається ключем, форми дає таблиця Verbs (DidX, =verb|uk.v#X=)
Items.po	8bac19305d29152d90e8	keep	дієслово з даних: лишається ключем, форми дає таблиця Verbs (DidX, =verb|uk.v#X=)
Items.po	c6e774fd4c219eced7fe	keep	дієслово з даних: лишається ключем, форми дає таблиця Verbs (DidX, =verb|uk.v#X=)
Items.po	0b762e0acbc28a89d397	keep	дієслово з даних: лишається ключем, форми дає таблиця Verbs (DidX, =verb|uk.v#X=)
Items.po	d3df1180f8267c6e6d41	keep	дієслово з даних: лишається ключем, форми дає таблиця Verbs (DidX, =verb|uk.v#X=)
Items.po	102c27305efa8dd0243e	keep	дієслово з даних: лишається ключем, форми дає таблиця Verbs (DidX, =verb|uk.v#X=)
Items.po	e96cc88e8a9478352249	keep	дієслово з даних: лишається ключем, форми дає таблиця Verbs (DidX, =verb|uk.v#X=)
Items.po	5e4b38b0cc89ea35be0b	keep	дієслово з даних: лишається ключем, форми дає таблиця Verbs (DidX, =verb|uk.v#X=)
Items.po	600e10740c57cc1396ce	keep	дієслово з даних: лишається ключем, форми дає таблиця Verbs (DidX, =verb|uk.v#X=)
Items.po	4a3aefd76dad00d4b59a	keep	дієслово з даних: лишається ключем, форми дає таблиця Verbs (DidX, =verb|uk.v#X=)
Items.po	11f69a1ffca19f949c8d	keep	дієслово з даних: лишається ключем, форми дає таблиця Verbs (DidX, =verb|uk.v#X=)
Items.po	5cbc866c72d21fa7bebf	keep	дієслово з даних: лишається ключем, форми дає таблиця Verbs (DidX, =verb|uk.v#X=)
Items.po	4159040c7009fd623127	keep	дієслово з даних: лишається ключем, форми дає таблиця Verbs (DidX, =verb|uk.v#X=)
Items.po	6a30d8a10fdbfa6c0dc7	keep	дієслово з даних: лишається ключем, форми дає таблиця Verbs (DidX, =verb|uk.v#X=)
Items.po	b8aee3bdebe03a0f624f	keep	дієслово з даних: лишається ключем, форми дає таблиця Verbs (DidX, =verb|uk.v#X=)
Items.po	3e831662b6661780d0aa	keep	дієслово з даних: лишається ключем, форми дає таблиця Verbs (DidX, =verb|uk.v#X=)
Items.po	9fbd1909fdf2468174fb	keep	дієслово з даних: лишається ключем, форми дає таблиця Verbs (DidX, =verb|uk.v#X=)
Items.po	74a783720232bb12e4bb	keep	дієслово з даних: лишається ключем, форми дає таблиця Verbs (DidX, =verb|uk.v#X=)
Items.po	d3cf756bf2a89d0517da	keep	дієслово з даних: лишається ключем, форми дає таблиця Verbs (DidX, =verb|uk.v#X=)
Items.po	9fba84b9fa044c12a672	keep	дієслово з даних: лишається ключем, форми дає таблиця Verbs (DidX, =verb|uk.v#X=)
Items.po	6ced380d3e878ba1d212	keep	дієслово з даних: лишається ключем, форми дає таблиця Verbs (DidX, =verb|uk.v#X=)
Items.po	0a323c4e04871d6ce266	keep	дієслово з даних: лишається ключем, форми дає таблиця Verbs (DidX, =verb|uk.v#X=)
Items.po	73cb0c305d3f5e31166f	keep	дієслово з даних: лишається ключем, форми дає таблиця Verbs (DidX, =verb|uk.v#X=)
Items.po	6798e3e25c5b45e699ea	keep	дієслово з даних: лишається ключем, форми дає таблиця Verbs (DidX, =verb|uk.v#X=)
Items.po	b4b1f2793db5ddd5868b	keep	дієслово з даних: лишається ключем, форми дає таблиця Verbs (DidX, =verb|uk.v#X=)
Items.po	30135093f9dbbbec5483	keep	дієслово з даних: лишається ключем, форми дає таблиця Verbs (DidX, =verb|uk.v#X=)
Items.po	8951f40cfcfe9468f29a	keep	дієслово з даних: лишається ключем, форми дає таблиця Verbs (DidX, =verb|uk.v#X=)
Items.po	b3c792bfc4b202678c91	keep	дієслово з даних: лишається ключем, форми дає таблиця Verbs (DidX, =verb|uk.v#X=)
Items.po	8108ab198082e9012990	keep	дієслово з даних: лишається ключем, форми дає таблиця Verbs (DidX, =verb|uk.v#X=)
Items.po	5b5ef9ef565dfd1afc65	keep	дієслово з даних: лишається ключем, форми дає таблиця Verbs (DidX, =verb|uk.v#X=)
Items.po	54d55059dff1e5230231	keep	дієслово з даних: лишається ключем, форми дає таблиця Verbs (DidX, =verb|uk.v#X=)
Items.po	da85f4a0f0d1a0840b9a	keep	дієслово з даних: лишається ключем, форми дає таблиця Verbs (DidX, =verb|uk.v#X=)
Items.po	426e711c2722131a9c38	keep	дієслово з даних: лишається ключем, форми дає таблиця Verbs (DidX, =verb|uk.v#X=)
Items.po	b03fda784210bc80c7e8	keep	дієслово з даних: лишається ключем, форми дає таблиця Verbs (DidX, =verb|uk.v#X=)
Items.po	c265bd07f69b9884646f	keep	дієслово з даних: лишається ключем, форми дає таблиця Verbs (DidX, =verb|uk.v#X=)
Items.po	7bd575709c5c03931b4e	keep	дієслово з даних: лишається ключем, форми дає таблиця Verbs (DidX, =verb|uk.v#X=)
Items.po	c1579191d9cda60a082c	keep	дієслово з даних: лишається ключем, форми дає таблиця Verbs (DidX, =verb|uk.v#X=)
Items.po	f89af2f8d67fe89afc45	keep	дієслово з даних: лишається ключем, форми дає таблиця Verbs (DidX, =verb|uk.v#X=)
Items.po	bba6a3d140f8cdf24453	keep	дієслово з даних: лишається ключем, форми дає таблиця Verbs (DidX, =verb|uk.v#X=)
Items.po	6e5ae0b6e7ed279fc08d	keep	дієслово з даних: лишається ключем, форми дає таблиця Verbs (DidX, =verb|uk.v#X=)
Items.po	178eb5365ca4c8cd83f8	keep	дієслово з даних: лишається ключем, форми дає таблиця Verbs (DidX, =verb|uk.v#X=)
Items.po	fa1ff9fba9fb3b7a65a9	keep	дієслово з даних: лишається ключем, форми дає таблиця Verbs (DidX, =verb|uk.v#X=)
Items.po	00a37291d61d5c578e9e	keep	дієслово з даних: лишається ключем, форми дає таблиця Verbs (DidX, =verb|uk.v#X=)
Items.po	f2beac19a0fe04225432	keep	дієслово з даних: лишається ключем, форми дає таблиця Verbs (DidX, =verb|uk.v#X=)
Items.po	cbc73bc518d44e931730	keep	дієслово з даних: лишається ключем, форми дає таблиця Verbs (DidX, =verb|uk.v#X=)
Items.po	6c36eccaef800704a0c8	keep	дієслово з даних: лишається ключем, форми дає таблиця Verbs (DidX, =verb|uk.v#X=)
Items.po	a4a6f258b7675f636955	keep	дієслово з даних: лишається ключем, форми дає таблиця Verbs (DidX, =verb|uk.v#X=)
Items.po	e21542b42b1ec4173254	keep	дієслово з даних: лишається ключем, форми дає таблиця Verbs (DidX, =verb|uk.v#X=)
Items.po	b8ffab9babe9b43fa337	keep	дієслово з даних: лишається ключем, форми дає таблиця Verbs (DidX, =verb|uk.v#X=)
Items.po	6a8e03ad8dbe68e86a36	keep	дієслово з даних: лишається ключем, форми дає таблиця Verbs (DidX, =verb|uk.v#X=)
Items.po	310d43b3e76b039be744	keep	дієслово з даних: лишається ключем, форми дає таблиця Verbs (DidX, =verb|uk.v#X=)
Items.po	aad090a8e108dfcf434d	keep	дієслово з даних: лишається ключем, форми дає таблиця Verbs (DidX, =verb|uk.v#X=)
Items.po	784d0f1837d9e69f9ca5	keep	дієслово з даних: лишається ключем, форми дає таблиця Verbs (DidX, =verb|uk.v#X=)
Items.po	e46a4e0cfdeb167024c9	keep	дієслово з даних: лишається ключем, форми дає таблиця Verbs (DidX, =verb|uk.v#X=)
Items.po	88730415234c34a203b1	keep	дієслово з даних: лишається ключем, форми дає таблиця Verbs (DidX, =verb|uk.v#X=)
Items.po	842a8b1072d5b20c1629	keep	дієслово з даних: лишається ключем, форми дає таблиця Verbs (DidX, =verb|uk.v#X=)
Items.po	550d2774dc01918553a5	keep	дієслово з даних: лишається ключем, форми дає таблиця Verbs (DidX, =verb|uk.v#X=)
Items.po	caa06860b557a6e2d31c	keep	дієслово з даних: лишається ключем, форми дає таблиця Verbs (DidX, =verb|uk.v#X=)
Items.po	cc2371ad81f5b1d4f120	keep	дієслово з даних: лишається ключем, форми дає таблиця Verbs (DidX, =verb|uk.v#X=)
Liquids.po	45ff8b3d271f5b10dbce	keep	дієслово з даних: лишається ключем, форми дає таблиця Verbs (DidX, =verb|uk.v#X=)
Liquids.po	87e3fd486c630a64e01d	keep	дієслово з даних: лишається ключем, форми дає таблиця Verbs (DidX, =verb|uk.v#X=)
Liquids.po	8ba3d3e036fc71bf18dc	keep	дієслово з даних: лишається ключем, форми дає таблиця Verbs (DidX, =verb|uk.v#X=)
Liquids.po	0d722057c99b8851cda3	keep	дієслово з даних: лишається ключем, форми дає таблиця Verbs (DidX, =verb|uk.v#X=)
Liquids.po	81089b94c61676fdb489	keep	дієслово з даних: лишається ключем, форми дає таблиця Verbs (DidX, =verb|uk.v#X=)
Liquids.po	bac880c8c7624fa98627	keep	дієслово з даних: лишається ключем, форми дає таблиця Verbs (DidX, =verb|uk.v#X=)
Liquids.po	029fa89c0340fa38e698	keep	дієслово з даних: лишається ключем, форми дає таблиця Verbs (DidX, =verb|uk.v#X=)
Strings.po	0ca76fa0fa2e459000d0	keep	англійський артикль для назв руїн; українські шаблони назв його не вживають
Strings.po	7d6ecd3940d83260b791	keep	слово, яке гравець вводить для підтвердження; лишаємо латиницею, як клавіші (D12)
Strings.po	24a9b46adce36b7f3cc6	keep	слово, яке гравець вводить для підтвердження; лишаємо латиницею, як клавіші (D12)
Strings.po	7c1a9ee186925c55845a	keep	слово, яке гравець вводить для підтвердження; лишаємо латиницею, як клавіші (D12)
Strings.po	bbe8154c970b8f9ecf83	keep	слово, яке гравець вводить для підтвердження; лишаємо латиницею, як клавіші (D12)
Strings.po	a7402767a8a8857563d8	keep	ключ: Wings порівнює назву здібності з англійським «Jump»; на панелі здібностей її перекладає Code.Abilities («Стрибок»)
Strings.po	c8e0c3a7c207108bbeb1	code	англійський артикль у властивості зони чи предмета; українською має бути порожньо — потрібен патч
Strings.po	dd6e403169c33565d7a8	keep	дієслово з даних: лишається ключем, форми дає таблиця Verbs (DidX, =verb|uk.v#X=)
Strings.po	2f3f4a8f5e630e4f6cbc	keep	дієслово з даних: лишається ключем, форми дає таблиця Verbs (DidX, =verb|uk.v#X=)
Strings.po	ef1002b1fefa32ffb47c	keep	дієслово з даних: лишається ключем, форми дає таблиця Verbs (DidX, =verb|uk.v#X=)
Strings.po	67ae4ff87cbd863775ef	keep	дієслово з даних: лишається ключем, форми дає таблиця Verbs (DidX, =verb|uk.v#X=)
Strings.po	558509c4cc05be630bfb	keep	дієслово з даних: лишається ключем, форми дає таблиця Verbs (DidX, =verb|uk.v#X=)
Strings.po	87d9d5f5fc00d347e091	keep	ключ у CamelCase: IntPropertyChanger порівнює його з назвою властивості
Strings.po	7bbe25f9ac386dd5b7c0	keep	дієслово з даних: лишається ключем, форми дає таблиця Verbs (DidX, =verb|uk.v#X=)
Strings.po	b70b2a95177013cb71bc	keep	дієслово з даних: лишається ключем, форми дає таблиця Verbs (DidX, =verb|uk.v#X=)
Strings.po	bac5863f992b35d087fd	keep	дієслово з даних: лишається ключем, форми дає таблиця Verbs (DidX, =verb|uk.v#X=)
Strings.po	ee4a3a956b0444df75fa	keep	дієслово з даних: лишається ключем, форми дає таблиця Verbs (DidX, =verb|uk.v#X=)
Strings.po	30b3f5bd4bd1d616785d	keep	дієслово з даних: лишається ключем, форми дає таблиця Verbs (DidX, =verb|uk.v#X=)
Strings.po	a1a5e06b00f1364f0191	keep	дієслово з даних: лишається ключем, форми дає таблиця Verbs (DidX, =verb|uk.v#X=)
Strings.po	e61070d5af93a915c863	keep	дія з даних для «You have =action= …»: переклад шаблону («Ви знайшли: …») обходиться без неї
Strings.po	a505b2ad6b646b1e020b	keep	дієслово з даних: лишається ключем, форми дає таблиця Verbs (DidX, =verb|uk.v#X=)
Strings.po	0241cb19b597d744c494	keep	дієслово з даних: лишається ключем, форми дає таблиця Verbs (DidX, =verb|uk.v#X=)
Strings.po	b8b55f948d6def936d0e	keep	ключ: <switch> в ActivatedAbilities порівнює його; українські описи тип отрути не показують
Strings.po	60650c2012034a260832	keep	ключ: <switch> в ActivatedAbilities порівнює його; українські описи тип отрути не показують
Strings.po	f8c1a3322a1d678a014c	keep	ключ: <switch> в ActivatedAbilities порівнює його; українські описи тип отрути не показують
Strings.po	4be95373a43d1612be19	code	дієслово, яке код відмінює англійською (DidX, XDidY, Does); чекає патча склейок
Strings.po	bbfb9a0f693b4a522c17	keep	дієслово з даних: лишається ключем, форми дає таблиця Verbs (DidX, =verb|uk.v#X=)
Strings.po	e4498d4c6d2e615d91fc	keep	код порівнює прийменник з англійським «in»; у перекладених шаблонах не показується
Strings.po	e99da83f64954a94fe47	code	англійський артикль у властивості зони чи предмета; українською має бути порожньо — потрібен патч
Strings.po	f2952e04ca5ad9474d3d	code	англійський артикль у властивості зони чи предмета; українською має бути порожньо — потрібен патч
Strings.po	7f86040bc7545e0407b2	code	англійський артикль у властивості зони чи предмета; українською має бути порожньо — потрібен патч
Strings.po	a5280ef5e95bff243373	code	англійський артикль у властивості зони чи предмета; українською має бути порожньо — потрібен патч
Strings.po	85f9897814889130b86d	code	англійський артикль у властивості зони чи предмета; українською має бути порожньо — потрібен патч
Strings.po	919cc288013f9cebc18c	code	англійський артикль у властивості зони чи предмета; українською має бути порожньо — потрібен патч
Strings.po	20cd08899beea7347fd8	code	англійський артикль у властивості зони чи предмета; українською має бути порожньо — потрібен патч
Strings.po	586fa86ecb37a42b4d36	code	англійський артикль у властивості зони чи предмета; українською має бути порожньо — потрібен патч
Walls.po	798d67a3dccdf216a2ad	keep	заповнювач розробників «sultan_wall»; опис плиток муралу пише код
Walls.po	77789f702555977913bb	keep	заповнювач розробників «sultan_wall»; опис плиток муралу пише код
Walls.po	e4ed78619f96fe694304	keep	заповнювач розробників «sultan_wall»; опис плиток муралу пише код
ZoneTerrain.po	0872df5b4343e8766b6d	keep	перекладені шаблони падіння (StairsDown) його не вживають
Code.Text.po	8c43181a381f9220812d	keep	ключ склеєно з кусників коду: такого рядка гра не пише
Code.Text.po	ccf3a40ecc22d6894e55	keep	налагоджувальний текст: гравець його не бачить
Code.Text.po	5290c81227448a33a9b6	keep	налагоджувальний текст: гравець його не бачить
Code.Text.po	a4ba42ae439097e88b28	keep	налагоджувальний текст: гравець його не бачить
Code.Text.po	96e70958e3df13de8db2	keep	налагоджувальний текст: гравець його не бачить
Code.Text.po	1731a22faa974c124391	keep	налагоджувальний текст: гравець його не бачить
Code.Text.po	661e57f5acf2d69b311b	keep	відповідь на команду wish (налагодження)
Code.Text.po	6f82ca96872e442c0a00	keep	налагоджувальний текст: гравець його не бачить
Code.Text.po	f635d2001a59454856a4	keep	ключ склеєно з кусників коду: такого рядка гра не пише
Code.Text.po	fcb9c247163fd3671579	keep	ключ склеєно з кусників коду: такого рядка гра не пише
Code.Text.po	93bdb3e54063522adbb2	keep	відповідь на команду wish (налагодження)
Code.Text.po	a7a5f065987c401bb2a6	keep	налагоджувальний текст: гравець його не бачить
Code.Text.po	096132cf087edb934c2e	keep	відповідь на команду wish (налагодження)
Code.Text.po	98ff26e33453875c1f84	keep	налагоджувальний текст: гравець його не бачить
Code.Text.po	e76b99ee707370084a5b	keep	налагоджувальний текст: гравець його не бачить
Code.Text.po	d38aa46934460e7a5f5b	keep	відповідь на команду wish (налагодження)
Code.Text.po	6e1836edfd9a3cc1bb10	keep	ключ склеєно з кусників коду: такого рядка гра не пише
Code.Text.po	c0a62a9487e88014004f	keep	ключ склеєно з кусників коду: такого рядка гра не пише
Code.Text.po	cff0b1c8801970d3b2f4	keep	відповідь на команду wish (налагодження)
Code.Text.po	73d1f007c23006ce13ef	keep	налагоджувальний текст: гравець його не бачить
Code.Text.po	70ddcc8d92218817cd5d	keep	відповідь на команду wish (налагодження)
Code.Text.po	3642a1e11f4b9b983e5f	keep	налагоджувальний текст: гравець його не бачить
Code.Text.po	84ae848f17984fc2260c	keep	відповідь на команду wish (налагодження)
Code.Text.po	cbf36c160036f54ef641	keep	відповідь на команду wish (налагодження)
Code.Text.po	0d9b74743634c9446d8d	keep	відповідь на команду wish (налагодження)
Code.Text.po	dc7e101b3f157876613f	keep	відповідь на команду wish (налагодження)
Code.Text.po	968cba19ad05604373e6	keep	відповідь на команду wish (налагодження)
Code.Text.po	acc7ceff1ae4866d0305	keep	відповідь на команду wish (налагодження)
Code.Text.po	66e8c5d26b9c13840d54	keep	відповідь на команду wish (налагодження)
Code.Text.po	4310b02e3932e7489d7c	keep	відповідь на команду wish (налагодження)
Code.Text.po	ca4a37844c04f9edfea3	keep	відповідь на команду wish (налагодження)
Code.Text.po	2a6e341a46fa117dfb31	keep	відповідь на команду wish (налагодження)
Code.Text.po	9bae6b81ca62ac9080d2	keep	відповідь на команду wish (налагодження)
Code.Text.po	2847a66372c3083531ed	keep	відповідь на команду wish (налагодження)
Code.Text.po	a6b5398d67e71cd45f1f	keep	ключ склеєно з кусників коду: такого рядка гра не пише
Code.Text.po	bcbf93420eedd8f006d1	keep	налагоджувальний текст: гравець його не бачить
Code.Text.po	d42c20cd3aa7cb84bfe2	keep	налагоджувальний текст: гравець його не бачить
Code.Text.po	05a71736ba6e7eb3935a	keep	налагоджувальний текст: гравець його не бачить
Code.Text.po	926eb72165fc301be3af	code	у пропусках ім’я з англійським дієсловом чи інші англійські слова з коду (Does, GetVerb, артиклі): чекає патча склейок
Code.Text.po	ee789f4c8faa1947b5ee	keep	налагоджувальний текст: гравець його не бачить
Code.Text.po	a78a9c13a421ad111bf6	keep	налагоджувальний текст: гравець його не бачить
Code.Text.po	d7c0ab9d864e4f53b673	keep	відповідь на команду wish (налагодження)
Code.Text.po	43b2476d8057a2835270	keep	відповідь на команду wish (налагодження)
Code.Text.po	864060e1ec9502b0647b	code	у пропуску завжди англійське слово стану, а шаблон надто короткий: потрібен точний ключ
Code.Text.po	2bbb5c25bd5f95d9033b	code	у пропуску завжди англійське слово стану, а шаблон надто короткий: потрібен точний ключ
Code.Text.po	3150fd317ed86a3fc539	code	у пропуску завжди англійське слово стану, а шаблон надто короткий: потрібен точний ключ
Code.Text.po	b2b9c115bb7016356c52	keep	ключ склеєно з кусників коду: такого рядка гра не пише
Code.Text.po	8ed28db17c74c4db43f3	code	пропуски поспіль: назва з пробілом розривається між ними; потрібен точний ключ чи патч
Code.Text.po	b265cfb8ec9113d89b2d	code	пропуски поспіль: назва з пробілом розривається між ними; потрібен точний ключ чи патч
Code.Text.po	4b717fa03f60edec3def	keep	ключ склеєно з кусників коду: такого рядка гра не пише
Code.Text.po	b183c3e9d06ff3be2027	keep	ключ склеєно з кусників коду: такого рядка гра не пише
Code.Text.po	5e7b1d30a3135ab512c8	keep	налагоджувальний текст: гравець його не бачить
Code.Text.po	8bcf91ea16eab753aefb	keep	налагоджувальний текст: гравець його не бачить
Code.Text.po	4550c0db200392b076cb	keep	налагоджувальний текст: гравець його не бачить
Code.Text.po	7e6e69bffec72ee83cfd	keep	налагоджувальний текст: гравець його не бачить
Code.Text.po	4485a73fecd63b0544c9	keep	налагоджувальний текст: гравець його не бачить
Code.Text.po	9b4d2930d2b8cf6f37a2	keep	ключ склеєно з кусників коду: такого рядка гра не пише
Code.Text.po	572b18643931d80d4e69	keep	ключ склеєно з кусників коду: такого рядка гра не пише
Code.Text.po	dd993721b827682d06ce	keep	відповідь на команду wish (налагодження)
Code.Text.po	a3de30162c489dad38b7	code	у пропусках ім’я з англійським дієсловом чи інші англійські слова з коду (Does, GetVerb, артиклі): чекає патча склейок
Code.Text.po	04b7d513efe058e3f448	code	шаблон надто загальний і ловив би чужі рядки: потрібен точний ключ
Code.Text.po	b9596d0b5508cc64b1f6	keep	відповідь на команду wish (налагодження)
Code.Text.po	bad96532662f670ba968	code	у пропусках ім’я з англійським дієсловом чи інші англійські слова з коду (Does, GetVerb, артиклі): чекає патча склейок
Code.Text.po	88adfda65ca4a7fe8674	code	у пропусках ім’я з англійським дієсловом чи інші англійські слова з коду (Does, GetVerb, артиклі): чекає патча склейок
Code.Text.po	fd1f86553ae19bc4cd53	code	у пропусках ім’я з англійським дієсловом чи інші англійські слова з коду (Does, GetVerb, артиклі): чекає патча склейок
Code.Text.po	82c34144310d0f424026	code	у пропусках ім’я з англійським дієсловом чи інші англійські слова з коду (Does, GetVerb, артиклі): чекає патча склейок
Code.Text.po	5a8756fdff28303889ae	code	{0} буває і гравцем, і NPC: дієслово не узгодити без патча
Code.Text.po	97adb8e8b28694af3d47	keep	гра цей рядок не показує (виклик лише задає ExpectMessage)
Code.Text.po	a595c25b31ee9c035c22	keep	налагоджувальний текст: гравець його не бачить
Code.Text.po	86f538b39e4d2052d3a3	code	у пропусках ім’я з англійським дієсловом чи інші англійські слова з коду (Does, GetVerb, артиклі): чекає патча склейок
Code.Text.po	101844c991c065a09312	code	шаблон надто загальний і ловив би чужі рядки: потрібен точний ключ
Code.Text.po	f946d9662d89c1d56f9d	code	у пропусках ім’я з англійським дієсловом чи інші англійські слова з коду (Does, GetVerb, артиклі): чекає патча склейок
Code.Text.po	5cf0d25aa7cf53f9f245	code	у пропусках ім’я з англійським дієсловом чи інші англійські слова з коду (Does, GetVerb, артиклі): чекає патча склейок
Code.Text.po	fc7fa50ae26b5c3841fe	code	у пропусках ім’я з англійським дієсловом чи інші англійські слова з коду (Does, GetVerb, артиклі): чекає патча склейок
Code.Text.po	95d5febdf6daebc2d9d4	code	у пропусках ім’я з англійським дієсловом чи інші англійські слова з коду (Does, GetVerb, артиклі): чекає патча склейок
Code.Text.po	61ccef2fcfc37664f7d3	code	у пропусках ім’я з англійським дієсловом чи інші англійські слова з коду (Does, GetVerb, артиклі): чекає патча склейок
Code.Text.po	7808f0d0ba4b0873cb61	code	у пропусках ім’я з англійським дієсловом чи інші англійські слова з коду (Does, GetVerb, артиклі): чекає патча склейок
Code.Text.po	1eabc650b4b8320882ab	code	у пропусках ім’я з англійським дієсловом чи інші англійські слова з коду (Does, GetVerb, артиклі): чекає патча склейок
Code.Text.po	0a06931e2cbd664ddba4	code	у пропусках ім’я з англійським дієсловом чи інші англійські слова з коду (Does, GetVerb, артиклі): чекає патча склейок
Code.Text.po	7ee81524c080639494f3	code	у пропусках ім’я з англійським дієсловом чи інші англійські слова з коду (Does, GetVerb, артиклі): чекає патча склейок
Code.Text.po	c92d5dd6c51d0a2f2539	code	у пропусках ім’я з англійським дієсловом чи інші англійські слова з коду (Does, GetVerb, артиклі): чекає патча склейок
Code.Text.po	5d1c0737f607745b8275	code	у пропусках ім’я з англійським дієсловом чи інші англійські слова з коду (Does, GetVerb, артиклі): чекає патча склейок
Code.Text.po	26ed0f71bb5d51cdaa1a	code	у пропусках ім’я з англійським дієсловом чи інші англійські слова з коду (Does, GetVerb, артиклі): чекає патча склейок
Code.Text.po	fcfa73317d21ac301ef9	code	у пропусках ім’я з англійським дієсловом чи інші англійські слова з коду (Does, GetVerb, артиклі): чекає патча склейок
Code.Text.po	dba059d758791c4524a5	code	у пропусках ім’я з англійським дієсловом чи інші англійські слова з коду (Does, GetVerb, артиклі): чекає патча склейок
Code.Text.po	ae0e86ddb707586183dd	code	у пропусках ім’я з англійським дієсловом чи інші англійські слова з коду (Does, GetVerb, артиклі): чекає патча склейок
Code.Text.po	4e8e3aa7191dbc23bfb1	code	у пропусках ім’я з англійським дієсловом чи інші англійські слова з коду (Does, GetVerb, артиклі): чекає патча склейок
Code.Text.po	2a22199e8178f4deaecb	code	у пропусках ім’я з англійським дієсловом чи інші англійські слова з коду (Does, GetVerb, артиклі): чекає патча склейок
Code.Text.po	b7fd4120fcd1b8090ffe	code	у пропусках ім’я з англійським дієсловом чи інші англійські слова з коду (Does, GetVerb, артиклі): чекає патча склейок
Code.Text.po	c73b738548091b9b52c0	code	у пропусках ім’я з англійським дієсловом чи інші англійські слова з коду (Does, GetVerb, артиклі): чекає патча склейок
Code.Text.po	10f5d6421fb7c94e369e	code	у пропусках ім’я з англійським дієсловом чи інші англійські слова з коду (Does, GetVerb, артиклі): чекає патча склейок
Code.Text.po	9e739ca5404ceef09cfe	code	у пропусках ім’я з англійським дієсловом чи інші англійські слова з коду (Does, GetVerb, артиклі): чекає патча склейок
Code.Text.po	98b8ffe86a52f3e221e5	code	у пропусках ім’я з англійським дієсловом чи інші англійські слова з коду (Does, GetVerb, артиклі): чекає патча склейок
Code.Text.po	8e9c6d16ff476644eaf1	code	у пропусках ім’я з англійським дієсловом чи інші англійські слова з коду (Does, GetVerb, артиклі): чекає патча склейок
Code.Text.po	cc26ed4065d1277ce744	code	у пропусках ім’я з англійським дієсловом чи інші англійські слова з коду (Does, GetVerb, артиклі): чекає патча склейок
Code.Text.po	955b73bf7df363d00796	code	шаблон надто загальний і ловив би чужі рядки: потрібен точний ключ
Code.Text.po	a9e8ac7959e17bea4a83	code	шаблон надто загальний і ловив би чужі рядки: потрібен точний ключ
Code.Text.po	b00acace49577e860bd9	code	у пропусках ім’я з англійським дієсловом чи інші англійські слова з коду (Does, GetVerb, артиклі): чекає патча склейок
Code.Text.po	49043d1639d8c5507309	code	у пропусках ім’я з англійським дієсловом чи інші англійські слова з коду (Does, GetVerb, артиклі): чекає патча склейок
Code.Text.po	f2438c25a335affeb903	code	шаблон надто загальний і ловив би чужі рядки: потрібен точний ключ
Code.Text.po	de283520cef111babc36	code	шаблон надто загальний і ловив би чужі рядки: потрібен точний ключ
Code.Text.po	4406e531801c1a268bf7	code	у пропусках ім’я з англійським дієсловом чи інші англійські слова з коду (Does, GetVerb, артиклі): чекає патча склейок
Code.Text.po	05a65e1b718bd84959cf	code	у пропусках ім’я з англійським дієсловом чи інші англійські слова з коду (Does, GetVerb, артиклі): чекає патча склейок
Code.Text.po	373cdc75c7525907eeb5	code	у пропусках ім’я з англійським дієсловом чи інші англійські слова з коду (Does, GetVerb, артиклі): чекає патча склейок
Code.Text.po	9fa424785f620a8848e4	code	у пропусках ім’я з англійським дієсловом чи інші англійські слова з коду (Does, GetVerb, артиклі): чекає патча склейок
Code.Text.po	6d0a786ff344fc717afb	code	у пропусках ім’я з англійським дієсловом чи інші англійські слова з коду (Does, GetVerb, артиклі): чекає патча склейок
Code.Text.po	d109c5588624420bfbb5	code	у пропусках ім’я з англійським дієсловом чи інші англійські слова з коду (Does, GetVerb, артиклі): чекає патча склейок
Code.Text.po	c24ffffd54c108101565	code	пропуски поспіль: назва з пробілом розривається між ними; потрібен точний ключ чи патч
Code.Text.po	91ac0c30debb43fdd869	code	у пропусках ім’я з англійським дієсловом чи інші англійські слова з коду (Does, GetVerb, артиклі): чекає патча склейок
Code.Text.po	8f96d1d0396ccaa11733	code	пропуски поспіль: назва з пробілом розривається між ними; потрібен точний ключ чи патч
Code.Text.po	db2bdb77edeedfffdc82	code	у пропусках ім’я з англійським дієсловом чи інші англійські слова з коду (Does, GetVerb, артиклі): чекає патча склейок
Code.Text.po	412955ae45847fafd1c5	code	пропуски поспіль: назва з пробілом розривається між ними; потрібен точний ключ чи патч
Code.Text.po	cf8985c089e5ae0ced81	code	у пропусках ім’я з англійським дієсловом чи інші англійські слова з коду (Does, GetVerb, артиклі): чекає патча склейок
Code.Text.po	f452ea9df513f1f25ee6	keep	ключ склеєно з кусників коду: такого рядка гра не пише
Code.Text.po	78d244530c627559a623	keep	налагоджувальний текст: гравець його не бачить
Code.Text.po	01d67d0069a55755b2c7	keep	ключ склеєно з кусників коду: такого рядка гра не пише
Code.Text.po	13a15cbb9d251a0bb13c	keep	ключ склеєно з кусників коду: такого рядка гра не пише
Code.Text.po	935c8f97b58354170250	keep	налагоджувальний текст (wish у IZoneLandmark)
Code.Text.po	fd747b17d92fb6707549	code	{1} — англійське дієслово смерті (CustomDeathVerb); чекає патча коду
Code.Text.po	ac7536af5de4e5c6d6dd	code	{1} — англійське дієслово смерті (CustomDeathVerb), {2} — причина англійською; чекає патча коду
Code.Text.po	a92efbe5b348298a046a	code	{0} — назва з англійським дієсловом (Does("lack")); чекає патча коду
Code.Effects.po	835dbe93876de34b76e7	code	{0} — англійський прикметник ефекту (Adjective), {1} — «it is»/«you are»; чекає патча коду
Code.Text.po	2df56704d0a8f1a92774	keep	налагоджувальне меню: стан кінця гри (команди wish gocoda, gocredits, goend)
Code.Text.po	be9dc169e243b89f11c1	keep	налагоджувальне меню: стан кінця гри (команди wish gocoda, gocredits, goend)
Code.Text.po	d17ea6eb13e5d7c00018	keep	налагоджувальне меню: стан кінця гри (команди wish gocoda, gocredits, goend)
Code.Text.po	e522036e05d090a6a268	keep	налагоджувальне меню: стан кінця гри (команди wish gocoda, gocredits, goend)
Code.Text.po	14adcfe8ebd45d2c7601	keep	назва набору клавіш: латинські літери HJKL
Code.Text.po	4a30192933f75f9475fc	keep	налагоджувальне меню: стан кінця гри (команди wish gocoda, gocredits, goend)
Code.Text.po	df72f9468cc03ffc1809	keep	налагоджувальне меню: стан кінця гри (команди wish gocoda, gocredits, goend)
Code.Text.po	3345f2b0b4aa73d842da	keep	налагоджувальне меню: стан кінця гри (команди wish gocoda, gocredits, goend)
Code.Text.po	90f5708b2ebb7ed5da34	keep	налагоджувальне меню: стан кінця гри (команди wish gocoda, gocredits, goend)
Code.Text.po	ad2e94d1fbcab4b623ac	keep	налагоджувальне меню: стан кінця гри (команди wish gocoda, gocredits, goend)
Code.Text.po	aa322dcc63366ba225ff	keep	налагоджувальне меню: стан кінця гри (команди wish gocoda, gocredits, goend)
