# Generated by tools/analysis/replacers.py from the decompiled game code (2.0.212.31). kind, key, capitalization (1 = an upper-case first letter is also registered), declaring method.
post	's	0	PostProcessors.Possessive
post	Angry	0	PostProcessors.Angry
post	Corvid	0	PostProcessors.Corvid
post	CrypticMachine	0	PostProcessors.CrypticMachine
post	Fish	0	PostProcessors.Fish
post	Frog	0	PostProcessors.Frog
post	WaterBird	0	PostProcessors.WaterBird
post	Weirdify	0	PostProcessors.Weirdify
post	a.to.an	0	PostProcessors.ScanForAn
post	addBrackets	0	PostProcessors.AddBrackets
post	addParens	0	PostProcessors.AddParens
post	addPipe	0	PostProcessors.AddPipe
post	after	0	PostProcessors.After
post	angry	0	PostProcessors.Angry
post	ansify	0	PostProcessors.Ansify
post	article	1	PostProcessors.Article
post	before	0	PostProcessors.Before
post	beforeComma	0	PostProcessors.BeforeComma
post	capEachLine	0	PostProcessors.CapEachLine
post	capitalize	0	PostProcessors.Capitalize
post	codaColor	0	ScoreEntryReplacers.CodaColor
post	colonAfter	0	PostProcessors.ColonAfter
post	color	0	PostProcessors.Color
post	colorSafe	0	PostProcessors.ColorSafe
post	corvid	0	PostProcessors.Corvid
post	crypticmachine	0	PostProcessors.CrypticMachine
post	cyrpticMachine	0	PostProcessors.CrypticMachine
post	dreamspeak	0	PostProcessors.Dreamspeak
post	eaterPlaque	0	PostProcessors.EaterPlaque
post	endCommaClause	0	PostProcessors.EndCommaClause
post	ensureEndMark	0	PostProcessors.EnsureEndMark
post	fish	0	PostProcessors.Fish
post	frog	0	PostProcessors.Frog
post	giveFamousPersonAName	0	PostProcessors.GiveFamousPersonAName
post	initCap.if	0	PostProcessors.InitCapIf
post	initCap.if.not	0	PostProcessors.InitCapIfNot
post	initLower	0	PostProcessors.InitLower
post	initLowerIfArticle	0	PostProcessors.InitLowerIfArticle
post	initUpper	0	PostProcessors.Capitalize
post	lallated	0	PostProcessors.Lallated
post	lower	0	PostProcessors.Lower
post	makeHedge	0	PostProcessors.MakeHedge
post	makePossessive	0	PostProcessors.Possessive
post	nameStyle	0	PostProcessors.NameStyle
post	obfuscate	0	PostProcessors.Obfuscate
post	playerpluralize	0	PostProcessors.PluralizeForPlayer
post	plural	0	PostProcessors.Pluralize
post	pluralize	0	PostProcessors.Pluralize
post	possessive	0	PostProcessors.Possessive
post	randomMeaningfulWord	0	PostProcessors.RandomMeaningfulWord
post	recomingPlaque	0	PostProcessors.RecomingPlaque
post	remove	0	PostProcessors.RemovePhrase
post	removeLastPeriod	0	PostProcessors.RemoveLastPeriod
post	rules	0	PostProcessors.Rules
post	scanForAn	0	PostProcessors.ScanForAn
post	secondToThirdPerson	0	PostProcessors.SecondToThirdPerson
post	slim	0	PostProcessors.Slim
post	spaceAfter	0	PostProcessors.SpaceAfter
post	spaceAfterEvenIfHyphen	0	PostProcessors.SpaceAfterEvenIfHyphen
post	spaceBefore	0	PostProcessors.SpaceBefore
post	strip	0	PostProcessors.Strip
post	stutterize	0	PostProcessors.Stutterize
post	title	0	PostProcessors.Title
post	titleCaseWithArticle	0	PostProcessors.TitleCaseWithArticle
post	tombstone	0	PostProcessors.Tombstone
post	tombstoneRebekah	0	PostProcessors.TombstoneRebekah
post	tradeColor	0	PostProcessors.TradeColor
post	trim	0	PostProcessors.Trim
post	trimLeadingThe	0	PostProcessors.TrimLeadingThe
post	upper	0	PostProcessors.Upper
post	urn	0	PostProcessors.Urn
post	varyPlaque	0	PostProcessors.VaryPlaque
post	waterBird	0	PostProcessors.WaterBird
post	waterbird	0	PostProcessors.WaterBird
post	weirdify	0	PostProcessors.Weirdify
post	when	0	PostProcessors.When
post	when.not	0	PostProcessors.WhenNot
post	withCognomen	0	PostProcessors.AddCognomen
post	wordRoot	0	PostProcessors.WordRoot
post	wrap	0	PostProcessors.Wrap
replacer	CRYPTICWORD	0	VariableReplacers.CrypticMachineWord
replacer	EitherOrWhisper	0	VariableReplacers.EitherOrWhisper
replacer	EskhindRoadDirection	0	GameStateReplacers.GameStateEskhindRoadDirection
replacer	FCC	0	GameStateReplacers.GameStateFungalCureWorm
replacer	FCL	0	GameStateReplacers.GameStateFungalCureLiquid
replacer	GR1	0	GameStateReplacers.GameStateGlotrotCure1
replacer	GR2	0	GameStateReplacers.GameStateGlotrotCure2
replacer	GR3	0	GameStateReplacers.GameStateGlotrotCure3
replacer	IS1	0	GameStateReplacers.GameStateIronshankCure
replacer	MARKOVCORVIDSENTENCE	0	VariableReplacers.MarkovCorvidSentence
replacer	MARKOVFISHSENTENCE	0	VariableReplacers.MarkovFishSentence
replacer	MARKOVPARAGRAPH	0	VariableReplacers.MarkovParagraph
replacer	MARKOVSENTENCE	0	VariableReplacers.MarkovSentence
replacer	MARKOVTATTOO	0	VariableReplacers.MarkovTattoo
replacer	MARKOVTITLE	0	VariableReplacers.MarkovTitle
replacer	MARKOVWATERBIRDSENTENCE	0	VariableReplacers.MarkovWaterBirdSentence
replacer	MC1	0	GameStateReplacers.GameStateMonochromeCure
replacer	MarkOfDeath	0	GameStateReplacers.GameStateMarkOfDeath
replacer	RebekahRegion	0	GameStateReplacers.GameStateRebekahRegion
replacer	SEEKERENEMY	0	GameStateReplacers.GameStateSeekerEnemy
replacer	V0tinkeraddendum	0	GameStateReplacers.GameStateVillageZeroTinkerAddendum
replacer	WEIRDMARKOVSENTENCE	0	VariableReplacers.MarkovWeirdSentence
replacer	a	1	GameObjectReplacers.IndefiniteArticle
replacer	a	1	GenderedNounReplacers.IndefiniteArticle
replacer	a.cookingIngredientName	0	CookingReplacers.CookingIngredientNameWithIndefiniteArticle
replacer	a.name	1	BodyPartReplacers.WithIndefiniteArticle
replacer	a.name	1	GameObjectReplacers.WithIndefiniteArticle
replacer	a.name	1	GenderedNounReplacers.WithIndefiniteArticle
replacer	a.name's	1	GameObjectReplacers.PossessiveWithIndefiniteArticle
replacer	a.name's	1	GenderedNounReplacers.PossessiveWithIndefiniteArticle
replacer	a.name's.item	1	GameObjectReplacers.IndefinitePossessiveItem
replacer	a.name.or.plural	1	GenderedNounReplacers.WithIndefiniteArticleIfPlural
replacer	a.number	1	NumberReplacers.GetNumberWithArticle
replacer	a.or.cardinal.names	1	NumberReplacers.IndefiniteOrCardinalNames
replacer	a.or.stack.name	0	GameObjectReplacers.WithIndefiniteOrStack
replacer	a.or.the	1	GameObjectReplacers.ArticleForOneFromStack
replacer	a.or.x.things	1	NumberReplacers.AOrNumber
replacer	a.short	1	GameObjectReplacers.ShortNameWithIndefiniteArticle
replacer	a.shortname	1	GameObjectReplacers.ShortNameWithIndefiniteArticle
replacer	aForNPCSubject.name	1	GameObjectReplacers.IndefiniteForOthers
replacer	abs	0	NumberReplacers.Abs
replacer	absOrEmpty	0	NumberReplacers.AbsOrEmpty
replacer	addsRep	0	FactionReplacers.AddsRep
replacer	adjectify	0	StringReplacers.Adjectify
replacer	adjunctNoun	0	GameObjectReplacers.AdjunctNoun
replacer	adjust	0	StatisticReplacers.Adjust
replacer	agi	0	GameObjectReplacers.Agi
replacer	all.these	0	NumberReplacers.AllThese
replacer	an	1	GameObjectReplacers.WithIndefiniteArticle
replacer	an	1	GenderedNounReplacers.WithIndefiniteArticle
replacer	an's	1	GameObjectReplacers.PossessiveWithIndefiniteArticle
replacer	an's	1	GenderedNounReplacers.PossessiveWithIndefiniteArticle
replacer	andList	0	ListReplacers.AndList
replacer	andList	1	ListReplacers.AndList
replacer	apparentSpecies	1	GameObjectReplacers.ApparentSpecies
replacer	av	0	VariableReplacers.AVDisplay
replacer	baseHp	0	GameObjectReplacers.BaseHP
replacer	baseLevel	0	MutationsReplacers.BaseLevel
replacer	basename	1	GameObjectReplacers.BaseName
replacer	basename's	1	GameObjectReplacers.BaseNamePossessive
replacer	being.effected	0	EffectReplacers.BeingEffected
replacer	bitString	0	StringReplacers.BitString
replacer	bits	0	StringReplacers.BitString
replacer	bleedLiquid	0	GameObjectReplacers.BleedLiquid
replacer	bodypart	0	GameObjectReplacers.BodyPartOrdinalName
replacer	bodypart.shuffled	0	GameObjectReplacers.BodyPartOrdinalNameShuffled
replacer	bone.of.name	1	GameObjectReplacers.BoneOfName
replacer	booleangamestate	0	GameStateReplacers.BooleanGameState
replacer	bytes	0	NumberReplacers.Bytes
replacer	cardinal	1	BodyPartReplacers.CardinalDescription
replacer	cardinal	1	NumberReplacers.Cardinal
replacer	cardinal.drams.of.liquid	0	LiquidReplacers.CardinalDramsOfLiquid
replacer	cardinal.names	1	NumberReplacers.CardinalNames
replacer	cardinal.no	1	NumberReplacers.CardinalNo
replacer	cardinal.no.things	1	NumberReplacers.CardinalNoThings
replacer	cardinal.things	1	NumberReplacers.CardinalThings
replacer	cardinalNo	1	NumberReplacers.CardinalNo
replacer	category	0	VariableReplacers.Category
replacer	checkbox	0	BoolReplacers.CheckboxWithColor
replacer	checkbox.basic	0	BoolReplacers.CheckboxBasic
replacer	checkbox.color	0	BoolReplacers.CheckboxWithColor
replacer	class	0	AbilitiesReplacers.Class
replacer	clusteredProperAndList	0	ListReplacers.ClusteredProperAndList
replacer	coinflip.if	0	BoolReplacers.If
replacer	collapsed	0	BoolReplacers.Collapsed
replacer	color	0	LiquidReplacers.Color
replacer	combatAV	0	GameObjectReplacers.CombatAV
replacer	combatDV	0	GameObjectReplacers.CombatDV
replacer	commaList	0	ListReplacers.CommaList
replacer	commandKey	0	VariableReplacers.CommandKey
replacer	commandKeyConsole	0	VariableReplacers.CommandKeyConsole
replacer	commandKeyShort	0	VariableReplacers.CommandKeyShort
replacer	cookingIngredientName	0	CookingReplacers.CookingIngredientName
replacer	cooldown	0	AbilitiesReplacers.Cooldown
replacer	cooldown.rounds	0	AbilitiesReplacers.CooldownRounds
replacer	cost	0	SkillReplacers.PowerCost
replacer	cost	0	SkillReplacers.SkillCost
replacer	cost	0	TinkeringReplacers.Cost
replacer	count	0	GameObjectReplacers.Count
replacer	countable.name	0	BodyPartReplacers.CountableName
replacer	countable.name	0	GameObjectReplacers.CountableName
replacer	creatureType	1	GameObjectReplacers.CreatureType
replacer	crypticMachineWord	0	VariableReplacers.CrypticMachineWord
replacer	damage	0	VariableReplacers.DamageDisplay
replacer	day	0	CalendarReplacers.Day
replacer	dayOfYear	0	VariableReplacers.DateTimeDayOfYear
replacer	debug	0	VariableReplacers.Debug
replacer	description	0	EffectReplacers.Description
replacer	description.short	0	GameObjectBlueprintReplacers.GetShortDescription
replacer	description.short	0	GameObjectReplacers.GetShortDescription
replacer	description.very.short	0	GameObjectBlueprintReplacers.GetShortDescription
replacer	description.very.short	0	GameObjectReplacers.GetVeryShortDescription
replacer	descriptiveCategory	1	GameObjectReplacers.DescriptiveCategory
replacer	details	0	EffectReplacers.Details
replacer	details	0	MutationsReplacers.Details
replacer	did	1	GameObjectReplacers.Does
replacer	didly	1	GameObjectReplacers.DoesAdverbially
replacer	dimension	0	VariableReplacers.GetRandomDimension
replacer	direction	0	StringReplacers.ExpandedDirection
replacer	direction.expanded	0	StringReplacers.ExpandedDirection
replacer	direction.short	0	StringReplacers.ShortDirection
replacer	directionDescription	0	GameObjectReplacers.GetDirectionDescription
replacer	directionDescription	0	StringReplacers.DirectionDescription
replacer	directionIfAny	1	GameObjectReplacers.DirectionIfAny
replacer	disambiguated	0	SkillReplacers.PowerNameDisambiguated
replacer	disambiguated	0	SkillReplacers.SkillName
replacer	disguise.name	1	GameObjectBlueprintReplacers.DisguiseName
replacer	displayDate	0	CalendarReplacers.DisplayDate
replacer	displayName	0	XMLTemplateReplacers.DisplayName
replacer	displayName	1	GameObjectBlueprintReplacers.DisplayName
replacer	displayNameOnlyDirect	1	GameObjectReplacers.DisplayNameOnlyDirect
replacer	dmg	0	VariableReplacers.DamageDisplay
replacer	does	1	GameObjectReplacers.Does
replacer	doesly	1	GameObjectReplacers.DoesAdverbially
replacer	drams.of.liquid	0	LiquidReplacers.DramsOfLiquid
replacer	dv	0	VariableReplacers.DVDisplay
replacer	effects	0	JournalReplacers.Effects
replacer	ego	0	GameObjectReplacers.Ego
replacer	either.or	0	LiquidReplacers.EitherOrList
replacer	either.or	0	ListReplacers.EitherOrList
replacer	entity	0	SpiceContextDelegates.Entity
replacer	equals	0	VariableReplacers.Equals
replacer	equipped.name	1	BodyPartReplacers.Equipped
replacer	expanded	0	BoolReplacers.Expanded
replacer	expandedDirection	0	StringReplacers.ExpandedDirection
replacer	faction	0	FactionReplacers.GetFactionName
replacer	faction	1	GameObjectReplacers.FactionName
replacer	faction.t	0	FactionReplacers.GetTheFactionName
replacer	faction.t	1	GameObjectReplacers.TheFactionName
replacer	factionName	0	FactionReplacers.GetFactionName
replacer	factionName	1	FactionReplacers.FormattedName
replacer	factionaddress	0	FactionReplacers.FactionAddress
replacer	factionrank	0	FactionReplacers.FactionRank
replacer	formalAddressTerm	1	GameObjectReplacers.FormalAddressTerm
replacer	formalAddressTerm	1	GenderedNounReplacers.FormalAddressTerm
replacer	formatDirection	0	GameObjectReplacers.Direction
replacer	formattedName	1	FactionReplacers.FormattedName
replacer	fragment	0	GameObjectReplacers.Fragment
replacer	fragment.activity	0	GameObjectReplacers.FragmentActivity
replacer	fragment.arable	0	GameObjectReplacers.FragmentArable
replacer	fragment.ore	0	GameObjectReplacers.FragmentOre
replacer	fragment.poetic	0	GameObjectReplacers.FragmentPoetic
replacer	fragment.sacred	0	GameObjectReplacers.FragmentSacred
replacer	fragment.village	0	GameObjectReplacers.FragmentVillage
replacer	from.container.direction	0	LiquidReplacers.DescribeCollectLiquidFrom
replacer	from.its.direction	0	GameObjectReplacers.GetIncomingDirectionDescription
replacer	from.its.direction	1	GameObjectReplacers.IncomingDirection
replacer	from.the.direction	0	StringReplacers.IncomingDirectionDescription
replacer	fullDate	0	CalendarReplacers.FullDate
replacer	gameMode	0	ScoreEntryReplacers.GameMode
replacer	generalDirection	1	GameObjectReplacers.GeneralDirection
replacer	generalDirectionIfAny	1	GameObjectReplacers.GeneralDirectionIfAny
replacer	generic	0	GameObjectReplacers.SimpleConversation
replacer	genotype.name	0	GameObjectReplacers.GenotypeName
replacer	glotrotWord	1	VariableReplacers.GlotrotWord
replacer	glyph	0	VariableReplacers.Glyph
replacer	glyph.strip	0	VariableReplacers.GlyphStrip
replacer	help	0	StatisticReplacers.HelpText
replacer	hp	0	GameObjectReplacers.HP
replacer	if	0	BoolReplacers.If
replacer	if	0	StringReplacers.If
replacer	if.glyph	0	BoolReplacers.Glyph
replacer	ifAny	0	ListReplacers.IfAny
replacer	ifPlural	0	BodyPartReplacers.IfPlural
replacer	ifPlural	0	FactionReplacers.IfPlural
replacer	ifPlural	0	GameObjectReplacers.IfPlural
replacer	ifPlural	0	NumberReplacers.TernaryPlural
replacer	ifPlural	0	StatisticReplacers.IfPluralBlueprint
replacer	ifplayerplural	0	GameObjectReplacers.PlayerPlural
replacer	ifplural	0	BodyPartReplacers.IfPlural
replacer	ifplural	0	GameObjectReplacers.IfPlural
replacer	ifplural	0	NumberReplacers.TernaryPlural
replacer	ifplural	0	StatisticReplacers.IfPluralBlueprint
replacer	immaturePersonTerm	1	GameObjectReplacers.ImmaturePersonTerm
replacer	immaturePersonTerm	1	GenderedNounReplacers.ImmaturePersonTerm
replacer	incomingDirection	0	GameObjectReplacers.GetIncomingDirectionDescription
replacer	incomingDirection	0	StringReplacers.IncomingDirectionDescription
replacer	incomingDirectionDescription	0	GameObjectReplacers.GetIncomingDirectionDescription
replacer	incomingDirectionDescription	0	StringReplacers.IncomingDirectionDescription
replacer	indefiniteForOthers	1	GameObjectReplacers.IndefiniteForOthers
replacer	indefiniteForOthers.name	1	GameObjectReplacers.IndefiniteForOthers
replacer	indicativeDirection	0	StringReplacers.IndicativeDirection
replacer	indicativeDistal	1	GameObjectReplacers.IndicativeDistal
replacer	indicativeDistal	1	GenderedNounReplacers.IndicativeDistal
replacer	indicativeDistalObjective	1	GameObjectReplacers.IndicativeDistalObjective
replacer	indicativeDistalSubjective	1	GameObjectReplacers.IndicativeDistalSubjective
replacer	indicativeProximal	1	GameObjectReplacers.IndicativeProximal
replacer	indicativeProximal	1	GenderedNounReplacers.IndicativeProximal
replacer	indicativeProximalObjective	1	GameObjectReplacers.IndicativeProximalObjective
replacer	indicativeProximalSubjective	1	GameObjectReplacers.IndicativeProximalSubjective
replacer	ingredients	0	JournalReplacers.Ingredients
replacer	int	0	GameObjectReplacers.Int
replacer	int64gamestate	0	GameStateReplacers.Int64GameState
replacer	intgamestate	0	GameStateReplacers.Int32GameState
replacer	intpart	0	GameObjectBlueprintReplacers.IntPart
replacer	is	0	GameObjectReplacers.Is
replacer	is	0	GenderedNounReplacers.Is
replacer	isMassOrPlural	0	GameObjectReplacers.TernaryMassOrPlural
replacer	isMassOrPluralIfKnown	0	GameObjectReplacers.TernaryMassOrPluralIfKnown
replacer	isPlural	0	BodyPartReplacers.IsPlural
replacer	isPlural	0	GameObjectReplacers.TernaryPlural
replacer	isPlural	0	NumberReplacers.TernaryPlural
replacer	isPluralIfKnown	0	GameObjectReplacers.TernaryPluralIfKnown
replacer	ismassorplural	0	GameObjectReplacers.TernaryMassOrPlural
replacer	ismassorpluralifknown	0	GameObjectReplacers.TernaryMassOrPluralIfKnown
replacer	isplural	0	GameObjectReplacers.TernaryPlural
replacer	isplural	0	NumberReplacers.TernaryPlural
replacer	ispluralifknown	0	GameObjectReplacers.TernaryPluralIfKnown
replacer	it's	1	GameObjectReplacers.Itis
replacer	it.does	1	GameObjectReplacers.ItDoes
replacer	it.has	1	GameObjectReplacers.Ithas
replacer	it.is	1	GameObjectReplacers.Itis
replacer	ithas	1	GameObjectReplacers.Ithas
replacer	itis	1	GameObjectReplacers.Itis
replacer	itis	1	GenderedNounReplacers.Itis
replacer	its	1	GameObjectReplacers.Possessive
replacer	its	1	GameObjectReplacers.PossessivePronounItem
replacer	its	1	GenderedNounReplacers.Possessive
replacer	its.item	1	GameObjectReplacers.PossessivePronounItem
replacer	its_	1	GameObjectReplacers.PossessivePronounItem
replacer	itself	1	GameObjectReplacers.Reflexive
replacer	itself	1	GenderedNounReplacers.Reflexive
replacer	join	0	ListReplacers.Join
replacer	journalText	0	CookingReplacers.JournalText
replacer	lair	1	GameObjectBlueprintReplacers.LairName
replacer	landmark.nearest	0	GameObjectReplacers.NearestLandmark
replacer	landmark.nearest	0	VariableReplacers.NearestLandmark
replacer	level	0	MutationsReplacers.DisplayLevel
replacer	level	0	ScoreEntryReplacers.Level
replacer	liquid.name	1	LiquidReplacers.LiquidName
replacer	liquid.smear.adjectives	0	LiquidReplacers.LiquidSmearAdjectives
replacer	liquid.smear.name	0	LiquidReplacers.LiquidSmearName
replacer	liquid.stain.name	0	LiquidReplacers.LiquidStainName
replacer	listDirectionsTo	0	ListReplacers.ListDirectionsTo
replacer	location	0	JournalReplacers.Location
replacer	long	0	GameObjectReplacers.Long
replacer	long.name	0	GameObjectReplacers.Long
replacer	longDate	0	CalendarReplacers.LongDate
replacer	longTime	0	CalendarReplacers.LongTime
replacer	longname	1	GameObjectReplacers.TargetNameLong
replacer	longname	1	GenderedNounReplacers.TargetName
replacer	magnitude	0	NumberReplacers.Magnitude
replacer	makeThirdPerson	0	GameObjectReplacers.MakeThirdPerson
replacer	markovSeed	0	VariableReplacers.MarkovSeed
replacer	markovShort	0	VariableReplacers.ShortMarkov
replacer	markovTattoo	0	VariableReplacers.MarkovTattoo
replacer	modGiganticDescription	0	GameObjectReplacers.ModGiganticDescription
replacer	mode	0	GameStateReplacers.GameMode
replacer	month	0	CalendarReplacers.Month
replacer	mostHatedFaction	0	FactionReplacers.MostHatedFactionName
replacer	mostHatedFaction.name	0	FactionReplacers.MostHatedFactionName
replacer	mostHatedFaction.t	0	FactionReplacers.TheMostHatedFactionName
replacer	mostHatedFaction.the.name	0	FactionReplacers.TheMostHatedFactionName
replacer	mound.complete.days	0	VariableReplacers.GolemMoundCompleteDays
replacer	multiplicative	1	NumberReplacers.Multiplicative
replacer	mutationTerm	1	GameObjectReplacers.MutationTerm
replacer	name	0	AbilitiesReplacers.Name
replacer	name	0	CookingReplacers.Name
replacer	name	0	EffectReplacers.Name
replacer	name	0	FactionReplacers.Name
replacer	name	0	GenderAndPronounReplacers.Name
replacer	name	0	IPartEntryReplacers.Name
replacer	name	0	LiquidReplacers.Name
replacer	name	0	ModEntryReplacers.Name
replacer	name	0	MutationsReplacers.Name
replacer	name	0	QuestReplacers.StepName
replacer	name	0	ScoreEntryReplacers.Name
replacer	name	0	SkillReplacers.PowerName
replacer	name	0	SkillReplacers.SkillName
replacer	name	0	StatisticReplacers.Name
replacer	name	0	StringReplacers.Name
replacer	name	0	VariableReplacers.Name
replacer	name	1	BodyPartReplacers.Name
replacer	name	1	GameObjectBlueprintReplacers.DisplayName
replacer	name	1	GameObjectReplacers.TargetName
replacer	name	1	GenderedNounReplacers.TargetName
replacer	name	1	RecipeReplacers.Name
replacer	name	1	StatisticReplacers.Name
replacer	name	1	VariableReplacers.TargetName
replacer	name	1	ZoneReplacers.Name
replacer	name's	1	GameObjectBlueprintReplacers.DisplayNamePossessive
replacer	name's	1	GameObjectReplacers.TargetNamePossessive
replacer	name's	1	GenderedNounReplacers.TargetNamePossessive
replacer	name.recolor	0	CookingReplacers.NameRecolor
replacer	nameItemAdjectiveRoot	0	SpiceContextDelegates.nameItemAdjectiveRoot
replacer	nameItemNounRoot	0	SpiceContextDelegates.nameItemNounRoot
replacer	nameSingle	1	GameObjectReplacers.TargetNameSingle
replacer	nameSingle	1	GenderedNounReplacers.TargetName
replacer	narration	1	StatisticReplacers.Narration
replacer	nounIfBareIndicative	0	GameObjectReplacers.NounIfBareIndicative
replacer	numberbox	0	NumberReplacers.Numberbox
replacer	numberbox.color	0	NumberReplacers.NumberboxWithColor
replacer	objective	1	GameObjectReplacers.Objective
replacer	objective	1	GenderedNounReplacers.Objective
replacer	offspringTerm	1	GameObjectReplacers.OffspringTerm
replacer	offspringTerm	1	GenderedNounReplacers.OffspringTerm
replacer	one.of.those	1	GameObjectReplacers.PhraseOneOfThose
replacer	operationalScope	0	IPartReplacers.OperationalScope
replacer	optional.if	0	QuestReplacers.StepOptional
replacer	orList	0	ListReplacers.OrList
replacer	orList	1	ListReplacers.OrList
replacer	ordinal	1	NumberReplacers.Ordinal
replacer	ordinal.digits	1	NumberReplacers.OrdinalWithDigits
replacer	ordinal.words	1	NumberReplacers.Ordinal
replacer	ordinalName	1	BodyPartReplacers.OrdinalName
replacer	originZone	0	QuestReplacers.OriginZone
replacer	parentTerm	1	GameObjectReplacers.ParentTerm
replacer	parentTerm	1	GenderedNounReplacers.ParentTerm
replacer	part	0	GameObjectBlueprintReplacers.Part
replacer	part	0	GameObjectReplacers.Part
replacer	pastTense	0	StringReplacers.VerbPastTense
replacer	path	0	VariableReplacers.Path
replacer	penetrations	0	NumberReplacers.Penetrations
replacer	pens	0	NumberReplacers.Penetrations
replacer	perceptionVerb	1	GameObjectReplacers.PerceptionVerb
replacer	personTerm	1	GameObjectReplacers.PersonTerm
replacer	personTerm	1	GenderedNounReplacers.PersonTerm
replacer	plural	1	BodyPartReplacers.ForcePlural
replacer	plural	1	GameObjectReplacers.ForcePlural
replacer	pluralName	0	GameObjectReplacers.PluralName
replacer	pluralize	0	ListReplacers.Pluralize
replacer	pluralize	0	NumberReplacers.Pluralize
replacer	pluralize	0	StringReplacers.Pluralize
replacer	pluralize	1	BodyPartReplacers.ForcePlural
replacer	pluralize	1	GameObjectReplacers.ForcePlural
replacer	pluralize.word	0	GameObjectReplacers.PluralizeWord
replacer	pluralize.word	1	GameObjectReplacers.ForcePlural
replacer	poss	1	GameObjectReplacers.PossessiveItem
replacer	possessive	1	GameObjectReplacers.Possessive
replacer	possessive	1	GameObjectReplacers.PossessiveItem
replacer	possessive	1	GenderedNounReplacers.Possessive
replacer	possessive.item	1	GameObjectReplacers.DefinitePossessiveItem
replacer	possessiveAdjective	1	GameObjectReplacers.Possessive
replacer	possessiveAdjective	1	GenderedNounReplacers.Possessive
replacer	postfix	0	XMLTemplateReplacers.Postfix
replacer	prefix	0	XMLTemplateReplacers.Prefix
replacer	price	0	GameObjectReplacers.Price
replacer	pronouns	0	GameObjectReplacers.PronounSet
replacer	prop	1	GameObjectReplacers.GetPropertyOrTag
replacer	properAndList	0	ListReplacers.OrderedProperAndList
replacer	property	1	GameObjectReplacers.GetPropertyOrTag
replacer	pv	0	VariableReplacers.PVDisplay
replacer	quantity	0	CookingReplacers.Quantity
replacer	range	0	NumberReplacers.Range
replacer	rankTerm	0	FactionReplacers.RankTerm
replacer	recoiler.name	1	ZoneReplacers.RecoilerName
replacer	reflexive	1	GameObjectReplacers.Reflexive
replacer	reflexive	1	GenderedNounReplacers.Reflexive
replacer	refname	1	GameObjectReplacers.TargetNameReference
replacer	refname	1	GenderedNounReplacers.TargetName
replacer	refname's	1	GameObjectReplacers.TargetNameReferencePossessive
replacer	refname's	1	GenderedNounReplacers.TargetNamePossessive
replacer	replace	0	StringReplacers.Replace
replacer	reverseJoin	0	ListReplacers.ReverseJoin
replacer	roman	0	NumberReplacers.Roman
replacer	sacredThing	0	QuestReplacers.SacredThing
replacer	saveBonus	0	StringReplacers.SaveBonus
replacer	saveBonusTypeDescription	0	StringReplacers.SaveBonusTypeDescription
replacer	saveThrowVersusDefault	0	StringReplacers.SaveThrowVersusDefault
replacer	secondMostHatedFaction	0	FactionReplacers.MostSecondHatedFactionName
replacer	secondMostHatedFaction.name	0	FactionReplacers.MostSecondHatedFactionName
replacer	secondMostHatedFaction.t	0	FactionReplacers.TheSecondMostHatedFactionName
replacer	secondMostHatedFaction.the.name	0	FactionReplacers.TheSecondMostHatedFactionName
replacer	semantic	0	GameObjectReplacers.Semantic
replacer	set	0	SpiceContextDelegates.Set
replacer	set.entity	0	SpiceContextDelegates.SetEntity
replacer	short	1	GameObjectReplacers.ShortName
replacer	short	1	GenderedNounReplacers.TargetName
replacer	short	1	VariableReplacers.TargetName
replacer	short.name	0	StatisticReplacers.ShortName
replacer	shortDirection	0	StringReplacers.ShortDirection
replacer	shortMarkov	0	VariableReplacers.ShortMarkov
replacer	shortname	1	GameObjectReplacers.ShortName
replacer	shortname	1	GenderedNounReplacers.TargetName
replacer	shortname	1	VariableReplacers.TargetName
replacer	shortsingle	1	GameObjectReplacers.ShortSingle
replacer	shortsingle's	1	GameObjectReplacers.ShortSinglePossessive
replacer	siblingTerm	1	GameObjectReplacers.SiblingTerm
replacer	siblingTerm	1	GenderedNounReplacers.SiblingTerm
replacer	sign	0	NumberReplacers.Sign
replacer	sign	0	StringReplacers.Sign
replacer	signed	0	NumberReplacers.Signed
replacer	signed.color	0	NumberReplacers.SignedColor
replacer	skin.of.name	1	GameObjectReplacers.SkinOfName
replacer	snippet	0	IPartEntryReplacers.Snippet
replacer	sp	0	GameObjectReplacers.SP
replacer	species	1	GameObjectReplacers.Species
replacer	statCapDisplayName	0	StringReplacers.StatCapDisplayName
replacer	statDisplayName	1	StringReplacers.StatDisplayName
replacer	statLineNode	0	XMLTemplateReplacers.StatLineNode
replacer	statNode	0	XMLTemplateReplacers.StatNode
replacer	statShortName	0	StringReplacers.StatShortName
replacer	statTitleCaseShortName	0	StringReplacers.StatTitleCaseShortName
replacer	state.bool	0	GameStateReplacers.BooleanGameState
replacer	state.int	0	GameStateReplacers.Int32GameState
replacer	state.long	0	GameStateReplacers.Int64GameState
replacer	state.string	0	GameStateReplacers.StringGameState
replacer	statusPhrase	0	IPartReplacers.StatusPhrase
replacer	statusSummary	0	IPartReplacers.StatusSummary
replacer	str	0	GameObjectReplacers.Str
replacer	stringgamestate	0	GameStateReplacers.StringGameState
replacer	stripArticle	0	StringReplacers.StripArticle
replacer	stutterize	0	StringReplacers.Stutterize
replacer	subjective	1	GameObjectReplacers.Subjective
replacer	subjective	1	GenderedNounReplacers.Subjective
replacer	substantivePossessive	1	GameObjectReplacers.SubstantivePossessive
replacer	substantivePossessive	1	GenderedNounReplacers.SubstantivePossessive
replacer	subtype.name	0	GameObjectReplacers.SubtypeName
replacer	sultan	0	VariableReplacers.SultanName
replacer	sultanTerm	1	VariableReplacers.SultanTerm
replacer	t	1	FactionReplacers.FormattedName
replacer	t	1	GameObjectReplacers.WithDefiniteArticleStripped
replacer	t	1	GenderedNounReplacers.WithDefiniteArticle
replacer	t's	1	GameObjectReplacers.PossessiveWithDefiniteArticleStripped
replacer	t's	1	GenderedNounReplacers.PossessiveWithDefiniteArticle
replacer	tag	1	GameObjectBlueprintReplacers.Tag
replacer	tag	1	GameObjectReplacers.GetPropertyOrTag
replacer	ternary	0	BoolReplacers.If
replacer	ternary	0	StringReplacers.If
replacer	ternaryVerb	0	GameObjectReplacers.TernaryVerb
replacer	terrain	0	SkillReplacers.PowerCost
replacer	terrain.t	0	GameObjectReplacers.TerrainDisplayName
replacer	terrain.t	0	VariableReplacers.TerrainDisplayName
replacer	testLegacyReplacer1	0	GameTextTest.TestLegacyReplacer1
replacer	testLegacyReplacer2	1	GameTextTest.TestLegacyReplacer2
replacer	text	1	JournalReplacers.Text
replacer	textSelector	0	ListReplacers.TextSelector
replacer	that	1	GameObjectReplacers.IndicativeDistal
replacer	that.them	1	GameObjectReplacers.IndicativeDistalObjective
replacer	that.they	1	GameObjectReplacers.IndicativeDistalSubjective
replacer	the	1	GameObjectReplacers.DefiniteArticle
replacer	the.basename	1	GameObjectReplacers.TheBaseName
replacer	the.faction	1	GameObjectReplacers.TheFactionName
replacer	the.location.of	0	JournalReplacers.TheLocationOf
replacer	the.name	1	FactionReplacers.FormattedName
replacer	the.name	1	FactionReplacers.FormattedNameColor
replacer	the.name	1	GameObjectReplacers.WithDefiniteArticle
replacer	the.name's	1	GameObjectReplacers.PossessiveWithDefiniteArticle
replacer	the.name's.item	1	GameObjectReplacers.DefinitePossessiveItem
replacer	the.or.a.name	1	GameObjectReplacers.WithDefiniteOrIndefiniteArticle
replacer	their	1	GameObjectReplacers.Possessive
replacer	their	1	GenderedNounReplacers.Possessive
replacer	theirs	1	GameObjectReplacers.SubstantivePossessive
replacer	them	1	GameObjectReplacers.Objective
replacer	they	1	GameObjectReplacers.Subjective
replacer	they're	1	GameObjectReplacers.Itis
replacer	they've	1	GameObjectReplacers.Ithas
replacer	things	0	NumberReplacers.Things
replacer	thirdPerson	1	StringReplacers.ThirdPerson
replacer	this	1	GameObjectReplacers.IndicativeProximal
replacer	this.category	1	GameObjectReplacers.ThisObjectCategory
replacer	this.creature	1	GameObjectReplacers.ThisCreature
replacer	this.them	1	GameObjectReplacers.IndicativeProximalObjective
replacer	this.they	1	GameObjectReplacers.IndicativeProximalSubjective
replacer	thisCreature	1	GameObjectReplacers.ThisCreature
replacer	threshold	0	NumberReplacers.Threshold
replacer	time	0	CalendarReplacers.Time
replacer	title	0	StatisticReplacers.Title
replacer	to.its.direction	0	GameObjectReplacers.GetDirectionDescription
replacer	to.its.direction	1	GameObjectReplacers.Direction
replacer	to.the.direction	0	StringReplacers.DirectionDescription
replacer	to.the.direction	1	GameObjectReplacers.Direction
replacer	toString	0	GameObjectReplacers.ToString
replacer	toString	0	IPartEntryReplacers.Name
replacer	toString	0	MutationsReplacers.ToString
replacer	toString	0	NumberReplacers.ToString
replacer	toString	0	SpiceContextDelegates.ToString
replacer	toString	0	StatisticReplacers.Name
replacer	toString	0	VariableReplacers.Name
replacer	toString	0	VariableReplacers.ToString
replacer	toString	0	XMLTemplateReplacers.ToString
replacer	toString	1	GenderedNounReplacers.TargetName
replacer	toString	1	RecipeReplacers.Name
replacer	toString	1	StatisticReplacers.Name
replacer	tou	0	GameObjectReplacers.Tou
replacer	toward	0	StringReplacers.IndicativeDirection
replacer	tradeLinePrice	0	GameObjectReplacers.TradeLinePrice
replacer	trim	0	StringReplacers.Trim
replacer	trimLeadingThe	0	StringReplacers.TrimLeadingThe
replacer	type	1	BodyPartReplacers.Type
replacer	type.name	1	BodyPartReplacers.TypeName
replacer	value	0	StatisticReplacers.Value
replacer	value	0	VariableReplacers.Value
replacer	value	0	XMLTemplateReplacers.Value
replacer	value.base	0	StatisticReplacers.BaseValue
replacer	verb	0	GameObjectReplacers.Verb
replacer	villageZeroName	0	GameStateReplacers.GameStateVillageZeroName
replacer	waterRitualLiquid	1	GameObjectReplacers.WaterRitualLiquid
replacer	weight	0	GameObjectReplacers.Weight
replacer	weightEach	0	GameObjectReplacers.WeightEach
replacer	wil	0	GameObjectReplacers.Wil
replacer	worshippedAs	0	GameObjectReplacers.WorshippedAs
replacer	x.multiple	0	NumberReplacers.XMultiple
replacer	year	0	CalendarReplacers.Year
replacer	year	0	VariableReplacers.DateTimeYear
replacer	yearName	0	CalendarReplacers.YearName
replacer	zone.name	0	GameObjectReplacers.ZoneDisplayName
replacer	zone.name	1	ZoneReplacers.ZoneName
replacer	zone.prosaic	0	VariableReplacers.ZoneProsaic
